SAMPLEID,Q1,Q2,Q3,Q4,Q4_1FA,Q4_7FA,Q5_1,Q5_2,Q5_3,Q5_4,Q5_5,Q5_6,Q5_7,Q5_8,Q5_9,Q5_10,Q5_11,Q5_12,Q5_13,Q5_14,Q5_15,Q5_16,Q5_17,Q5_18,Q5_19,Q5_20,Q5_21,Q5_22,Q5_23,Q5_24,Q5_25,Q5_26,Q6_1,Q6_2,Q6_3,Q6_4,Q6_5,Q6_6,Q6_7,Q6_8,Q6_9,Q6_10,Q6_11,Q6_12,Q6_13,Q6_14,Q6_15,Q6_16,Q6_17,Q6_18,Q6_19,Q6_20,Q6_21,Q6_22,Q6_23,Q6_24,Q6_25,Q6_26,Q7S1FA,Q8S1N,Q8S2FA,Q9,Q9_1FA,Q9_2FA,Q10,Q10_1FA,Q10_2FA,Q11S1FA,Q12S1FA,Q12S2FA,Q13
1,1,1,8,6,,,0,0,0,0,0,0,0,0,0,0,0,0,0,0,0,0,0,0,0,0,0,0,0,0,0,1,0,0,1,0,1,0,0,1,0,0,0,0,0,0,0,0,0,0,0,0,0,0,0,0,0,0,みてて気持ちがいい,170,レトロがいっぱい,1,買って満足,,1,迫力満載,,プラモデル弄る,デコトラ大好き,なし,5
2,1,5,28,4,,,0,0,0,0,0,0,0,0,0,0,1,0,1,0,0,0,0,0,0,0,0,0,0,0,0,0,0,0,0,0,0,0,0,0,0,0,0,0,0,0,0,1,0,0,0,1,0,0,0,0,0,0,なんとなく,90,日野がいいから,2,,なんとなく,2,,すきだから,ジェットスキー,頑張って下さい,,5
3,1,4,39,3,,,1,0,0,0,1,0,0,0,0,0,0,0,1,0,0,0,0,0,0,0,0,0,0,0,0,0,0,0,0,1,0,1,0,0,0,0,0,0,0,0,0,0,0,0,0,0,1,0,0,0,0,0,百戦錬磨の精鋭車は、自分好みのトラックが多かったからです。道連れフォトストーリーは、自分も２トン車に乗ってて共感が持てるから。昭和トラック原風景は、個人的に古いトラックが好きだから。,160,ノーマルぽくて、凄い拘りとお金が掛かっていそうな所。,2,,発売日を忘れていた,1,車体がグッと引き締まるから,,プラモデル造り,コロナが落ち着いて、また、いままで通りにイベントができます様に,ゆうや,5
4,1,4,28,4,,,1,0,0,0,0,0,0,0,0,0,1,0,1,0,0,0,0,0,0,0,0,0,0,0,0,0,0,0,0,0,0,0,0,0,0,0,0,0,0,0,0,1,0,0,0,1,1,0,0,0,0,0,レトロ好きだから 精鋭車カッコよすぎ,20,プロフィアで舟形が好きだから,2,,売り切れていた,1,迫力有るから,,車いじり,レジャーでトラックを所有するぞ,,1
5,1,3,31,1,ギガ　,,1,0,0,0,0,0,0,0,0,0,0,0,1,0,0,0,0,1,0,0,0,0,0,0,0,0,0,0,0,1,0,0,0,0,0,0,0,0,0,0,0,1,0,0,0,0,0,0,1,0,0,0,気になる車輌だったから。,11,精鋭車のコーナーで幸海丸の細部まで取材してあり参考になりました。,2,,FUSOに乗っていないから,2,,絵も文字もどちらも好きですが,デジタル一眼レフ,前に取材撮影してもらった俺のトラックいい加減載せてくれー！！トップアートで！,サロンバス協会,8
6,1,2,11,4,,,1,1,0,0,0,0,0,0,0,0,0,0,0,0,0,0,0,0,0,0,0,1,0,0,0,0,0,0,0,0,0,1,0,1,0,0,0,0,0,0,0,0,0,0,0,0,1,0,0,0,0,0,単純にこのコーナーが好きだから,11,SNSで見てからもっと見たいと思っていたから,2,,そんなのがある事を知らなかった,2,,絵だと主張が激しく感じる,プラモデル作成,日本の伝統象徴であるデコトラ文化をこれからも続くと願っています！,らっぷす,5
7,1,1,8,6,,,1,0,1,0,1,0,0,0,0,0,0,0,0,0,0,0,0,0,0,0,0,0,0,0,0,0,0,0,0,1,0,0,1,0,0,0,0,0,0,0,0,0,0,0,0,1,0,0,0,0,0,0,一つめは、かっこいいトラックがいっぱいでかっこいいからです。二つめは、かっこいい内装がありお洒落でいいと思ったからです。３つ目は、10尺車を家でも飾っているからです。,73,10尺車が曲がってくる姿が迫力ありかっこいいからです。 ,2,,友達に借りました。,1,文字もいいですが、絵の方が迫力があるからです。,,お父さんとトラックを飾ることです,特にないです,,8
8,1,1,27,6,,,1,0,1,0,0,0,0,0,0,0,0,0,0,0,0,0,0,0,0,0,0,0,0,0,0,1,0,0,0,0,0,0,0,0,0,1,0,0,0,0,0,0,0,0,0,0,1,0,0,1,0,0,内容がすごくよかった。,173,好きな車が載ってるから。,1,すごくよかった。,,2,,絵も好きだけど文字が好きだから,プラモデル、トラック撮影,おもしろい,,8
9,1,3,13,1,レンジャープロ。鋼材配送,,1,0,1,0,1,0,0,0,0,0,0,0,0,0,0,0,0,0,0,0,0,0,0,0,0,0,0,0,0,1,0,0,0,0,0,0,0,0,0,0,0,1,0,0,0,0,0,0,1,0,0,0,仕事車が好きなので選びました。,14,黒キャビンの仕事車が多いなか、白キャビンの幸海丸だったため。,2,,飾ったトラックが好きなため。,2,,シンプルな仕事車が好きなため。,スケートボード,いつも楽しい記事をありがとうございます。,ちゃんもり,8
10,1,1,23,6,,,1,1,0,0,0,0,0,0,0,0,0,0,0,0,0,0,0,1,0,0,0,0,0,0,0,0,0,0,0,0,0,0,0,0,1,0,0,0,0,1,1,0,0,0,0,0,0,0,0,0,0,0,自分が興味のある特集だったから。,44,僕の大の憧れでもある竜志丸こと政時さん。この時に撮影現場をリアルタイムで見ていまして、実際カミオン様の撮影現場を見るのは初めてでした。カミオン掲載が待ち遠しくとても楽しみでした。それに、竜志丸はとてもカッコいいプロフィアです！リニューアル後の竜志丸特集も期待してます！,2,,個人的にあまり興味がありませんでした。,2,,絵も躍動感あって好きですが、ペイントの方がシンプルで好きです。,・学校の臨時休校が続いていて、ずっと携帯でゲームなどしてます(笑) ・毎月２つのデコトラ雑誌を購入し、隅々まで購読すること。,６月号の特集、「百戦錬磨の精鋭車」& 「全国津々浦々 ローカルヒーロー紀行」がとても面白かったです！両特集ともカッコいい令和のデコトラ軍団で誌面が彩られていました！最高でした！,★聖蘭丸★,11
11,1,2,22,4,,,1,1,0,0,0,0,0,0,0,0,0,0,0,0,0,0,0,0,0,0,0,1,0,0,0,0,0,0,0,0,0,0,0,1,0,0,0,0,0,1,0,0,0,0,0,0,1,0,0,0,0,0,憧れの車が出ていた。 知り合いが載っていた。 プラモデルが好きだから。,16,好きなトラックが大きく載っていたから,2,,まだ買いに行っていない。,1,ペイントの方が迫力があってデコトラ感がある。,,草ヒロ探索,友人のトラックの製作をしてるので自分のトラックの架装が進まな～い(涙),ゆり姫観光,10
12,1,4,20,1,Super great ,,1,0,1,0,0,0,1,0,0,0,0,0,0,0,0,0,0,0,0,0,0,0,0,0,0,0,0,0,0,0,0,0,0,0,0,0,1,0,0,0,0,0,0,0,0,0,0,0,0,0,0,0,男の城など自分の車をいじる時に役に立つから ,28,カッコいいから,2,,ここのところ忙しいので、本屋に行ってない為,2,,ナチュラル,プラモ造り ,コロナに負けず頑張りましょう,ファンキーボーイ,8
13,1,2,4,4,,,0,0,1,0,0,0,0,0,0,0,0,0,0,0,0,0,0,0,0,0,0,0,0,0,0,0,0,0,0,0,0,0,0,0,0,0,0,0,0,0,0,0,0,0,0,0,0,0,0,0,0,1,綺麗,90,日野の鮮やかな写真が良かった,2,,わからなかった,2,,かっこよく見える,トラックいじり,カミオンさんはいっぱいアイテムをのせているので最高です,佐々木,5
14,1,5,4,1,スーパーグレート　丸太輸送,,1,1,0,1,0,0,0,0,0,0,0,0,0,0,0,0,0,0,0,0,0,0,0,0,0,0,0,0,0,0,0,0,0,0,0,0,1,0,1,0,0,0,0,0,1,0,0,0,0,0,0,0,仕事車アートが素晴らしいから,26,キャビン周りの飾り方と全体のバランスが非常に良いから,2,,販売してるのが分からないから,1,アートトラックは箱の絵が豪華になるから,,ステイホームなので、 DVD鑑賞,今未知のウイルスとの戦いが続いて居ますが、いつかイベント開催されるのを夢見て日々感染リスクと戦って行きたいと思います。,三陸街道　令和丸,8
15,1,1,3,6,,,0,0,0,1,0,0,0,0,0,0,0,0,0,0,0,0,0,1,0,0,0,1,0,0,0,0,0,0,0,0,0,0,0,0,0,0,0,0,0,1,1,1,0,0,0,0,0,0,0,0,0,0,アートカンパニーは、スーパーグレートでどのトラックも見所があってカッコ良かった  プラモワールドは、どのプラモデルも本物のようで素晴らしかった  ローカルヒーローでは、箱の絵がとてもにぎやかで、個人的に良かった,155,テラヴィのウインカーレンズが、ピンクで、縦型冷凍機が迫力があって良かった,2,,カミオンで十分だから,2,,迫力が出るから,プラモデル作り,青島文化教材社さん、トラックのプラモデル、新型出してください！,プラモデル,5
16,1,2,29,3,,,0,0,1,0,0,0,0,0,0,0,1,0,1,0,0,0,0,0,0,0,0,0,0,0,0,0,0,0,0,0,0,0,0,0,0,0,0,0,0,0,0,0,0,0,0,1,1,1,0,0,0,0,レトロが好きだから 内装を、参考にしたい 珍しい企画で楽しいかった,73,レトロが好きなので見入ってしまいました,2,,あまり新車に興味がないから,2,,迫力があるし、オリジナルを楽しめるから,洗車,毎月楽しみに買わせて頂いています これからもよろしくお願い致します,ちっち丸観光,8
17,1,2,23,5,,,1,0,1,0,1,0,0,0,0,0,0,0,0,0,0,0,0,0,0,0,0,0,0,0,0,0,0,0,0,0,0,0,0,0,1,0,0,0,0,1,0,0,0,0,0,0,1,0,0,0,0,0,好みのトラックが載っていたので！！,11,幸海丸さんが大好きで！！,2,,今月買う予定です！！,2,,すずき文字が好きなので！！,プラモデル作りです！！,面白かったです！,,5
18,1,4,12,1,青果、鮮魚,,1,0,0,0,1,0,0,0,0,0,0,0,1,0,0,0,0,0,0,0,0,0,0,0,0,0,0,0,1,0,0,0,1,0,0,0,0,0,0,0,0,0,0,0,0,0,1,0,0,0,0,0,憧れのトラックが見れたから。,73,デコトラが走る姿がいい。,2,,三菱のトラックに興味が無いから…。,2,,すずき文字が好きだから。,洗車。,これからも楽しみにしてます。,いけちゃん。,10
19,1,4,14,3,,,1,0,0,0,0,0,0,0,0,0,0,0,1,0,0,0,0,0,0,0,1,0,0,0,0,0,0,0,0,0,0,0,0,0,0,0,0,0,0,0,0,0,0,1,0,0,0,0,1,1,0,0,良かった,166,格好良い,2,,此れから購入しようと思う,1,格好良い絵を見たい,,旅行とグルメ,頑張って下さい,,3
20,1,2,37,4,,,1,0,1,0,0,0,1,0,0,0,0,0,0,0,0,0,0,0,0,0,0,0,0,0,0,0,0,0,0,1,0,0,0,0,0,1,1,0,0,0,0,0,0,0,0,0,0,0,0,0,0,0,仕事車が好きだから。 様々な車の内装に興味があるから。 イベント情報でどのようなクラブが参加しているか分かるから。,28,個人的に好きな車だから。,2,,ノーマルの車は興味が無いから,1,迫力がある,,豪華なバスを見ること。,コロナの中お仕事ご苦労様。 運転手の方々コロナウイルスが日本列島また世界で問題になっている中お仕事ご苦労様です。 アートトラック業界でもイベントが延期、中止になってますがコロナウイルスが１日でも早く終息しまた元の生活に戻れるようになると良いですね,瀬戸の花嫁,8
21,1,5,37,1,日野レンジャープロ インキ配達,,1,0,1,0,1,0,0,0,0,0,0,0,0,0,0,0,0,0,0,0,0,0,0,0,0,0,0,0,0,0,0,0,0,0,0,1,1,0,0,0,0,1,0,0,0,0,0,0,0,0,0,0,仕事車が好きだから 内装に興味があるので 車を飾った仕事車の仕事風景を見ることができるから ,160,レストアした車が好きだから,2,,乗っている車が日野だから,1,カッコいいから,,イベントに参加すること ,コロナに負けず頑張ろう。,ヒロさん,8
22,2,4,3,5,,,0,0,0,0,0,0,0,0,0,0,0,0,0,0,0,0,1,0,0,0,0,0,0,0,1,1,0,0,0,0,0,0,0,0,0,1,1,0,0,0,0,0,0,0,0,1,0,0,0,0,0,0,たぶん知ってる人！私の一言が載ってたから。ペリカンが懐かしく欲しい！,171,ふそうの青いのかっこいい！,2,,知らなかった,2,,シンプルに意外と重みある。,おやつを食べる。,トラックだけは盛んに動いているよね~。カミオンも休まず発行ありがとうございます！ポストカード何枚かの付録も良いと思います！,黒いバスまだ？,5
23,1,4,8,1,17レンジャー増ｫ平ゲート塗料現場配達,,0,0,1,0,0,0,0,0,0,0,0,0,1,0,0,0,0,0,0,0,0,0,1,0,0,0,0,0,0,0,0,0,0,0,0,0,1,0,0,0,0,0,0,0,0,0,0,0,0,0,0,0,只今内装DIYで改装中。参考にさせてもらってます。昭和・・懐かしく良い時代。知り合いのトラックはないかと一発勝負を覗く,62,内装改装中ってのと、シャンデリアもDIYしてるんで参考になる写真です。それにしても隆祥丸さんのシャンデリアは豪華ですね～。,2,,ごめんなさい。日野ラブなもんで～。,2,,いやいや 両方選べないの。ボディサイドには文字。リア観音には絵ってのが大好きです。,家のリノベーション＆DIY。トラックの内装DIY。,新型コロナウィルス恐い。5月の連休のトラックイベント中止残念です。ステイホームで乗り越えて、またイベントが開催される日が来る事を、ただただ祈る毎日です。,パタパタ緑亀,8
24,1,4,32,1,15トンウイング　長距離,,1,0,1,0,0,0,0,0,0,0,0,0,0,0,0,0,0,0,1,0,0,0,0,0,0,0,0,1,0,0,0,0,0,0,0,0,1,0,0,0,0,0,0,0,0,0,0,0,0,0,0,0,今月は、素晴らしく良かったです！掲載写真も今までと違うような！とにかく読みごたえありました,29,格好よく撮れてる,2,,興味がない,1,りやは絶対に絵と思う,,ホイール磨き,とくになし,,10
25,1,3,13,1,17プロフィア  主に自動車部品、まんま日野自動車の部品屋です。会社自体は市場で青花輸送です。,,0,0,1,1,1,0,0,0,0,0,0,0,0,0,0,0,0,0,0,0,0,0,0,0,0,0,0,0,0,0,0,0,0,0,0,0,0,0,1,0,0,0,0,0,0,0,0,0,0,0,0,0,カミオン・トップアートは昔からの定番ですしコレが無いとカミオンじゃない！！ 男の城。コレは外装に拘る以上にドライバーが仕事する上で1番長く居る場所なので どの様な工夫をしているのか見れるチャンスなので大好きです。 我らアートカンパニー コチラも大好きです。 普段見かける運送屋さんなどの仕事などが分かりとても好きなコーナーです。ウチの会社にも来て貰いたいぐらいです^ ^ ,32,コチラの車種と毎日のようにスライドするのでひいき目ですが低重心で撮影されてるのがとても格好良く撮れてると思います。 34ページの真ん中の写真もとても好きです。 説明通りですが立体感が凄く好きな1枚です。,2,,存在を知りませんでした(^^;,1,車に寄ってのバランスが1番大事だと思いますが、ペイントが入る事によってデコトラとしての迫力が増すと思います。ペイントによっては威圧感が出るのは良し悪しでしょうが。。。,,トラックより乗用車の洗車やお酒を飲んでパパっと寝るのが趣味です！笑,20年前ぐらいからのカミオンや他社のトラック雑誌を全部売ったんだけど、やっぱ手元に残しておけば良かったなぁぁぁ 無くなると寂しい(T-T) さすがに場所取り過ぎだった(ｰｰ;),カラスのかぁ君,5
26,1,4,33,3,,,1,0,0,0,0,0,0,0,0,0,0,0,0,0,0,0,0,1,0,0,1,0,0,0,0,0,0,0,0,0,0,0,0,0,0,0,0,0,0,0,0,1,1,0,0,0,0,1,0,0,0,0,仕事車、シンプルトラック、じっくり見れて良かった。,160,古い車をしっかりリニューアルしているところ飾りなくとも素晴らしい,2,,興味がなかった。,2,,カッコいい,ガンダムYouTubeを見る事 トラック内張り貼ること,今月号外出自粛もありじっくり見ました。良かったです。,丸哲,5
27,1,5,25,4,,,1,0,0,0,0,1,0,0,0,0,0,0,0,0,0,0,0,1,0,0,0,0,0,0,0,0,0,0,0,0,0,0,0,0,0,1,0,0,0,0,0,0,0,0,0,1,1,0,0,0,0,0,私の大好きな箱車が多く掲載されていてド派手な仕事車広島の海神號水急が出ていたのと今回のプレゼントの台風15号の災害復興支援のページを読み涙が出る程感動した為,151,私好みのド派手で、しかも箱車で仕事車ということで文句無しで良かったと思います。,1,三菱車の歴史を感じ良い本だったと思います。安全とトラックのデザインは進化しているのは分かるけど何か味気がない気がします。,,2,,最近の箱車は文字の方が多い気がするし、あれだけ大きい文字なら絵とひけを取らない派手さを演出できるため,車の洗車及び50歳を過ぎ体力が衰えてきて中年太りになってきているので軽く運動及び筋トレ,先月号及び今月号、私の大好きな箱車を多数掲載してくださってありがとうございます。齋藤さんのダイアナをはじめ、きれいな女性がデコトラに乗っているなんて、めっちゃかっこ良く感動しました｡これからも女性トラッカー及びド派手な箱車をいっぱい掲載してください｡よろしくお願いします。,現在軽トラ野郎,10
28,1,4,3,1,6トンユニック　プレカット配送,,1,0,1,0,0,0,0,0,0,0,1,0,0,0,0,0,0,0,0,0,0,0,0,0,0,0,0,0,0,0,0,0,0,0,0,0,0,0,0,0,0,1,0,0,0,0,0,1,0,0,0,0,あまりカミオンに載らない車が出てたから。,11,仕事車だから。,2,,どこにも置いてないから,2,,レトロっぽいので,掃除,イベントがコロナの影響で中止になってますが、終息したら皆さんで楽しみましょう。それまでは、ステイホームで。,まるひさ,9
29,1,1,13,6,,,0,1,0,0,0,0,0,0,0,0,1,0,0,0,0,1,0,0,0,0,0,0,0,0,0,0,0,0,0,0,0,0,0,0,0,1,0,0,0,0,0,0,0,0,0,1,1,0,0,0,0,0,自分の絵が絵描き道に、載ったから。,174,デコトライベントのナイトシーンがきれいだったから。 ,2,,売っているのを知らなかったから。,1,絵の方が綺麗だし、迫力があるから。,,絵を書くこと,草とら情報ほしいです,ゴンさん,8
30,1,5,28,7,,製造業,0,0,1,0,1,0,0,0,0,0,0,1,0,0,0,0,0,0,0,0,0,0,0,0,0,0,0,0,0,0,0,0,0,0,0,0,0,0,1,0,0,0,0,1,1,0,0,0,0,0,0,0,これを見て行く予定を立てるので,174,この風景はいいと思いました。,2,,トラックとはほど遠いので,1,存在感があるので,,これといってありませんが…アイドルの追っかけ,派手なトラックの特集,,11
31,1,5,28,1,エルフ　建材、コイル等運搬,,0,0,1,0,0,0,1,0,0,0,0,0,0,0,0,0,0,0,0,1,0,0,0,0,0,0,1,0,0,0,1,0,0,0,0,0,0,0,0,0,1,0,0,0,0,0,0,0,0,0,0,0,見応え,160,理由と聞かれても気に入ったしかないね ,2,,興味ない,1,インパクト,,倉庫整理,コロナコロナうるさいねん,,9
32,1,2,37,4,,,0,0,0,0,0,0,0,0,1,0,1,0,0,0,0,0,0,0,0,0,0,0,0,0,0,1,1,0,0,0,1,0,0,0,0,0,0,0,0,0,0,0,1,0,0,0,0,0,0,0,0,0,コロナの影響で仕事も減り、在宅勤務です。 子供とパズルをして遊んでいます！,137,コロナの自粛により家にいます。 皆さんの絵を見ながら絵を見て書いています。,2,,今すぐ買ってきます。,1,絵が好きなので絵の方が好きです！,,家で子供と絵を描くことです！,コロナの影響にもかかわらずいつも有難うございます。カミオンをいつも楽しみに拝読しております。これからも夢と希望を与えて続けてください。,ブリッツ,8
33,1,3,11,4,,,1,1,0,0,1,0,0,0,0,0,0,0,0,0,0,0,0,0,0,0,0,0,0,0,0,0,0,0,0,0,0,0,0,0,0,0,0,0,0,0,0,1,0,0,0,0,1,0,0,0,0,0,仕事車かっこいいです ,25,仕事車 ,2,,購入するつもり,2,,仕事車,バイク,コロナ耐えましょう,,8
34,1,6,9,2,,,1,0,0,0,0,0,0,0,0,0,0,0,0,0,0,0,0,0,0,0,0,1,0,1,0,0,0,0,0,0,0,0,0,0,0,0,0,0,0,0,0,0,0,0,0,1,0,0,0,0,0,0,  写真がキレイに撮れていたて感激した。,174,電飾の見栄えと集合台数が素晴らしい。感動です。,2,,あまり興味がない。,1,絵のスケール感がいいと思います。,,アマチュア無線,新型コロナウイルス感染でみんな大変だろうけど頑張ろう。,の沢GXQ,13
35,2,5,2,1,17プルフィア,,0,0,0,0,0,0,0,0,0,0,1,0,0,0,0,0,0,0,1,0,1,0,0,0,0,0,0,0,1,0,0,0,0,0,1,0,0,0,0,0,0,0,0,0,0,0,0,1,0,0,0,0,昭和の記事で懐かしかったから。,167,外国のスタイルが良い。,2,,知らなかったから。,1,個性があり美しいと思うから。,,釣りです。,青森県でもユーロスタイル風のデコトラ車が増えてきました。,ないです。,1
36,1,3,1,1,スーパーグレート 地場,,0,1,1,1,0,0,0,0,0,0,0,0,0,0,0,0,0,0,0,0,0,0,0,0,0,0,0,0,0,0,0,0,0,0,0,0,0,0,0,0,0,0,0,0,0,0,0,1,0,0,0,0,好きな生地を貼っていたから,63,オスカーが好きだから,1,活魚の大変さが伝わった,,2,,色々な描き方があるから,トラックの追っかけ(撮影) カミオン見る,トラックに貼りたいです！,,9
37,1,4,1,1,いすずギガ　生コン,,0,1,1,1,0,0,0,0,0,0,0,0,0,0,0,0,0,0,0,0,0,0,0,0,0,0,0,0,0,0,0,0,0,0,0,0,0,0,0,0,0,0,0,0,0,0,0,1,0,0,0,0,内装が好きだったから,65,かっこよかったから,2,,お金がなかった,1,迫力がある,,トラックいじり,トラックに飾りたいです,,8
38,1,4,17,4,,,1,1,0,0,1,0,0,0,0,0,0,0,0,0,0,0,0,0,0,0,0,0,0,0,0,0,0,0,0,0,0,0,0,0,0,0,1,0,0,0,0,0,0,0,1,0,1,0,0,0,0,0,それぞれのトラックの飾りがカッコ良くて… とても勉強になる,73,迫力があってカッコいい,2,,ノーマルが好きではないので,1,選ぶのが悩みましたが…やっぱり90年代ペイント車がかなりいたので、その当時が好きだから,,今はないです,コロナ終息してくれよ！イベントが出来ないじゃないか…,ユージ,8
39,1,4,4,1,クオンです。雑貨便です,,0,0,0,1,0,0,0,0,0,0,0,0,0,0,0,0,0,0,0,0,0,0,0,0,0,0,0,0,0,0,0,0,0,1,1,1,0,0,0,0,0,0,0,0,0,0,0,0,0,0,0,0,素敵です,173,知り合いが。写真に乗ってたから,2,,分からなかったです,1,感動する,,バイクです,今年は、コロナで。イベントいけませんが、来年こそは,,4
40,1,2,10,1,家電配送員,,0,0,1,0,0,0,0,0,0,0,0,0,0,0,0,0,1,0,0,0,0,0,0,0,0,0,0,0,0,0,0,0,0,0,0,0,0,0,0,0,0,0,0,0,0,0,1,0,0,0,0,0,皆さん個性豊かでした！,73,レトロ感がもの凄く惚れました！,2,,なかなか購入する間がない。,2,,レトロ感があるから,自分のトラックを飾る事です！,デコトラ最高ー！！ ,七転青木,5
41,1,6,2,7,,無職,0,0,0,0,0,0,0,0,0,0,1,0,0,0,0,1,0,0,0,0,0,0,0,0,0,1,0,0,0,0,0,0,0,0,0,0,0,0,0,0,0,0,0,0,0,0,0,1,0,0,0,0,１　ボケ防止 ２　絵が好き ３　プレゼント欲しい,131,昔が好き、つまり、保守派です。,2,,取捨選択の結果,2,,ダイレクトに伝わるし、絵は下手なのもあるから見たくない。,日曜大工,今後も頑張ってください。,りんご,14
42,1,5,22,4,,,0,0,0,1,0,0,0,0,0,0,0,0,1,0,0,0,0,0,0,0,0,1,0,0,0,0,0,0,0,0,0,0,0,0,0,0,1,0,0,0,0,0,0,0,0,0,0,0,0,0,0,0,企業や経営者の想いがわかる,71,一台づつの個性がわかる,2,,三菱ファンではない,1,綺麗,,資格習得,これからも応援します,,5
43,1,4,22,1,レンプロウイングで青果やってます！,,1,0,0,0,1,0,0,0,0,0,0,0,1,0,0,0,0,0,0,0,0,0,0,0,0,0,0,0,0,0,0,0,0,1,0,0,1,0,0,0,0,0,0,0,0,1,0,0,0,0,0,0,知り合いが掲載されてたから,12,かっこよすぎてたまりません,2,,日野派なので！,2,,レタリングが好きです！,ミニカー収集,コロナに負けずに頑張っていきましょう,焼津☆タクシー,8
44,1,2,34,4,,,1,0,0,0,0,0,0,0,0,0,0,0,0,0,0,0,0,1,0,0,0,0,0,0,0,1,0,1,1,0,0,0,0,0,0,0,1,0,0,0,0,0,0,0,0,0,0,0,0,0,0,0,広島県のデコトラが多数紹介されていたから,30,近所にいる仕事車でありながらインパクトのある飾りが施されているデコトラだから,2,,三菱ふそうに興味なし,2,,個人的に好き,昔に戻ってNゲージをいじること,新型コロナウイルスに負けずに頑張ってね！,AKB優子,8
45,1,4,25,4,,,1,0,0,0,1,0,0,0,0,0,0,0,0,0,0,0,0,1,0,0,0,0,0,0,0,0,0,0,0,0,0,0,0,0,0,1,0,0,0,0,0,0,0,0,0,1,0,0,1,0,0,0,時代によっていろいろ変わるし、コロナウイルスの影響でイベント等ない中で、カミオンの特集などが毎回楽しみなので面白いと言うか良かったです。,159,シンプルでカッコいいです。,2,,本屋で見ていたけど、購入にはいたりませんでした。深い理由はありません。,2,,迫力があるから。,今は、ありません。,コロナウイルスに、負けるな日本,とくちゃん,10
46,1,2,22,4,,,1,0,0,1,0,0,0,0,0,0,0,0,0,0,0,0,0,0,0,0,0,1,0,0,0,0,0,0,0,0,0,0,0,0,0,0,0,0,0,0,0,0,0,0,0,0,1,0,0,0,0,0,特になし 新型がたくさんあり気になった 自作のプラモデルが載ってる ,26.27,好きな車種でバランスが良くかっこいいから ,2,,あまり興味がない,1,よりデコトラ感が出る気がする,,プラモデル制作 ,特になし,,7
47,1,4,7,3,,,1,0,1,0,0,0,0,0,0,0,0,0,1,0,0,0,0,0,0,0,0,0,0,0,0,0,0,0,0,0,0,0,0,0,0,0,0,0,0,0,1,0,0,0,0,0,1,0,0,0,0,0,1 シンプルな仕事車が好きなのと、樹氷丸が紹介されていたから。 2 男の城は毎回楽しみにしていて、自分のトラックの内装をいじる際の参考にさせてもらっています。 3 原風景に出てくるトラックは実車を見ることも乗ることも出来ないけど、当時を妄想しながら見るのが楽しみです。,75,フォトストーリーでの3番の写真。 石黒さんが仲間との楽しそうな雰囲気と、その後ろにトラックが3台並んでいる光景が良いですね。,2,,別冊が出ているのを知らなかったから。本屋に行ったら探してみます。,1,とくに白銀社の絵が好きで、自分の観音にも書きたいから。,,休みの日に仲間とトラックいじりすること。,今年はコロナの影響でイベントがほとんど中止になりましたね。楽しみが減ってしまい落ち込んだりもしました。 でも、無事に乗り切って最高の仲間全員で元気にイベント参加したいと思っています。 一刻も早いコロナ終息のためにも自粛して、イベント会場で会いましょう！！,あんにゃ,8
48,1,4,3,1,クオン  セメント、石灰製品運び ,,1,1,0,0,0,0,0,0,0,0,0,0,0,0,0,0,0,1,0,0,0,0,0,0,0,0,0,0,0,0,0,0,0,0,0,0,0,0,0,1,1,0,0,0,1,0,0,0,0,0,0,0,サイドのスタイルが良かった。メッキの使い方が、ためになった。,160,さりげない装飾が、ノーマルを、邪魔していなくて良かった。 ,2,,これから購入予定。,2,,いろんな書体で、書ける！,釣り ,これからも、全国のトラック載せてください！ ,,9
49,1,4,42,1,ファイブスターギガ　　　ダンプ,,1,0,0,1,1,0,0,0,0,0,0,0,0,0,0,0,0,0,0,0,0,0,0,0,0,0,0,0,0,0,0,0,0,0,0,0,0,0,0,0,0,0,0,0,0,1,0,1,0,0,1,0,自分には、興味ないから！,152,前に同じプロフィアに乗ってて、ツボを抑えたオリジナルなるの名車だから。,2,,ふそうに、興味ないから。,2,,すずき文字が、大好きだから！,いか釣り,コロナに、負けずファイト,,10
50,1,2,23,6,,,0,0,0,0,0,0,0,0,0,0,1,0,0,0,0,1,0,0,1,0,0,0,0,0,0,0,0,0,0,0,0,0,0,0,0,0,0,0,0,0,0,0,0,0,0,0,0,0,0,0,1,0,クイズが楽しかったです 絵描き道のお題コーナーが面白かったです 新しい切り口で参考になりました,40,舞い散る雪と風景が趣あって美しかったです。,1,ふそうのトラックのデータや歴史が順序立てて書かれており分かりやすかったです。できれば三面図があると嬉しいです。初版を持っていなかったのでとてもありがたかったです。,,1,華やかさがあるから。,,麻雀,いつも楽しみにしています,tk,5
51,1,4,11,1,17レンジャー航空貨物,,0,0,0,0,0,0,0,0,0,0,0,0,0,0,0,0,1,0,0,1,0,0,0,0,0,1,0,0,0,0,0,0,0,0,0,0,0,0,0,0,0,0,0,0,0,0,0,1,0,0,0,0,色々なトラックが見れて参考になるので,152,単純にかっこいい,2,,三菱は乗らない為,2,,絵は安っぽくみえるので,釣り,いつもご苦労さまです,,8
52,1,3,40,4,,,0,1,0,0,0,0,0,0,0,0,0,0,1,0,0,0,1,0,0,0,0,0,0,0,0,0,0,0,0,0,0,0,0,0,0,0,0,0,0,0,0,0,0,0,0,0,1,0,0,0,0,0,なし,62,なし,2,,なし,1,すき,,なし,めちゃくちゃ面白かったです,なし,1
53,2,4,22,5,,,0,0,0,0,0,0,0,0,0,0,1,0,0,0,0,1,0,0,0,0,0,1,0,0,0,0,0,0,0,0,0,0,0,1,0,0,0,0,0,0,1,0,0,0,1,0,0,0,0,0,0,0,絵描き道は、すごく書きたくなりたかった,174,トラックがきれいに光っていてすごかった,2,,買えなかった,1,絵の方はが色々ペイントできるから,,無し,テレビでもトラック野郎を見ることがないのでＤＶＤで見ています。,けいちやん,5
54,1,1,13,6,,,0,1,0,0,1,0,0,0,0,0,0,0,0,0,0,0,0,0,0,0,0,1,0,0,0,0,1,0,0,0,0,0,0,1,0,1,0,0,0,0,0,0,0,0,0,0,0,0,0,0,0,0,プラモワールドは実際のデコトラプラモを自分の好きなように改造してあるので面白かったです。  道連れフォトストーリーは大月商店さんの前にデコトラが止まっていて仕事中を撮影していたので撮影の角度が面白かったです。  カミオントップアートは、三代目麻美丸のパーツの角度が面白かったです。,73,華湖丸さんを撮影する際に少しナナメにするようにして撮影しているのでそこが良かったと思った。 ,2,,欲しいけど購入しているか迷っている,1,有名人や国旗、七福神などが描いてあり見ただけでもかっこいいから,,デコトラの絵を描くこと,カミオンキャブの皆様へ いつもありがとうございます。 カミオンを見ると読みやすい字ですごく書いてあることが伝わってきます。 おかげで読みやすいです。 ありがとうございます。,yuutarou0811,10
55,1,2,12,2,,,0,1,0,0,1,0,0,0,0,0,0,0,0,0,0,0,0,0,0,1,0,0,0,0,0,0,0,0,0,0,0,0,0,0,0,0,0,0,0,1,0,1,0,0,0,0,0,0,0,1,0,0,ラッパや形がかっこいい。 またどんな人達が乗ってるのかも見れておもしろい！,174,夜の光ってるデコトラがめちゃくちゃかっこいい！キレイ！この場所に行ってみたいから。,2,,店頭になくてまだ買ってないから,2,,いろいろな文字が書いてあってとてもかっこいい。,車でドライブしながらデコトラ探し,毎月たくさんのデコトラ載せていただき、ありがとうございます。これからも見ていくのでよろしくお願いします。,,5
56,1,4,35,4,,,1,0,0,0,1,0,0,0,0,0,0,0,0,0,0,0,0,1,0,0,0,0,0,0,0,0,0,0,0,0,0,0,0,0,0,1,0,0,0,0,0,1,0,0,0,1,0,0,0,0,0,0,それぞれの写真が大きく 迫力があり読み応えが ありました。,152,海神號というグループは もちろん 飾り方も好きだから。,2,,どこ探しても売ってないです。,2,,一文字一文字に意味が込められていて迫力があります。,トラック観察とパパラッチです。,緊急事態宣言が解除された 地域もありますが まだまだ油断せずに 物流業界の皆さん 安全運転でがんばりましょう。,レトロボーイ,8
57,1,4,19,1,フォワード　段ボール輸送,,1,0,0,0,0,0,0,0,0,0,0,0,0,0,0,0,0,1,1,0,0,0,0,0,0,0,0,0,0,0,0,0,0,1,0,0,0,0,0,1,0,0,0,0,0,0,0,0,0,1,0,0,百戦錬磨の精鋭車はピックアップした車輌が良かったし観音扉のアップやキャブのアップなど迫力ある写真が良かったです。 ローカルヒーロー紀行はなかなか見られない海神號がじっくり見られしかも何台も特集されていたので良かったです。 サタンノーマルは細部まで拘りこれからが気になります。シルバーサタンとツーショットが見たくなりました。,30,迫力があり間近で見ているような感じが素晴らしいです,2,,発売していることを知りませんでした,1,箱三面に絵が書いてあるとやはり迫力が違うので,,DIY,外出自粛が続いてますが早く終わってイベントに行きたいです,ジュンパング,5
58,1,2,9,1,産廃,,1,1,0,0,0,0,0,0,0,0,0,0,0,0,0,0,1,0,0,0,0,0,0,0,0,0,0,0,0,0,0,0,0,0,0,0,1,0,1,0,0,0,0,0,0,0,1,0,0,0,0,0,かっこいいトラックが多かった,150,北祐のリア観音扉の大黒様がかっこいい,2,,売ってるとこ見たことない,1,恵比寿様が好きだから,,バイク,コロナに負けず頑張りましょう！,和,10
59,1,3,4,7,,小笠原諸島へ行く船の船員,1,0,0,0,1,0,0,0,0,0,0,0,0,0,0,0,0,0,0,0,0,1,0,0,0,0,0,0,0,0,0,0,0,1,0,1,0,0,0,0,0,0,0,0,0,0,1,0,0,0,0,0,知っているけど、詳細は知らないトラックが多く見れたから,12,水昇魂のバックショット。 目前に迫る砂浜との写真は迫力があって良かったです。,2,,気にはなるものの、デコトラが好きなので1500円を支払ってまでは読まないかな～と。,1,90年代の関口工芸やマインド美術室に惹かれたので絵が好きですが、地域柄、白銀社の文字も好きなので難しい選択です。,,船を見てマリントラフィックという船の位置情報と照らし合わせること。笑,責任もない、仕事もできない、それでもイケメンなら女は選ぶ…責任ある仕事をしているのにブサイクだからモテない…疲れました。,,13
60,1,1,4,1,日産アトラス  一般物、住宅鉄筋運搬,,1,0,1,0,0,0,0,0,0,0,0,0,0,0,0,0,1,0,0,0,0,0,0,0,0,0,0,0,0,0,0,0,0,0,0,0,0,0,0,1,0,0,0,0,1,0,0,0,0,0,1,0,地元で見たことあるトラックや、カッコイイトラック、内装など、惚れるトラックが多数あったため選ばせてもらいました！,11,地元で走る樹氷丸さんが載っていたため、とてもいいなとおもいました！,2,,ふそうより、日野派なので(汗),1,あの方が迫力があると思います！,,トラックいじることしか考えてません,コロナの影響で、イベントがなくなりとても悲しいです  ですがみんなの体調は第一優先！安全第一で頑張りましょう！,ヒロト,10
61,1,1,34,4,,,1,0,0,0,0,0,0,0,0,0,0,0,0,0,0,0,1,1,0,0,0,0,0,0,0,0,0,0,0,0,0,0,0,0,0,0,0,0,0,1,1,1,0,0,0,0,0,0,0,0,0,0,海神號水産の記事、最高です,154,あの車輌の良さがすごく出てます,2,,アートがないんで,2,,オヤジが好きなんで,洗車,やっぱ、ＭＴ車は難しいです。早く上手くなってマフラーゴロゴロ奏でます。,ダイキンマン,8
62,1,4,29,4,,,1,0,0,0,1,0,0,0,0,0,0,0,1,0,0,0,0,0,0,0,0,0,0,0,0,0,0,0,0,0,0,0,0,0,1,0,1,0,0,0,0,1,0,0,0,0,0,0,0,0,0,0,懐かしいトラックの写真だったし、魚屋のトラックが、好きなので。,3,やっちば仕様や冷凍ウイング車好きだから。,2,,購入するつもりは、しています。,1,矢沢永吉,,矢沢永吉グッズとトラック野郎を集める事,トラック野郎の特集ややっちば仕様の特集をしてほしいです。,やんきち,8
63,1,4,15,4,,,1,0,1,0,0,0,0,0,0,0,0,0,0,0,0,0,0,0,1,0,0,0,0,0,0,0,0,0,0,0,0,0,0,0,0,0,1,0,1,0,0,0,0,0,0,1,0,0,0,0,0,0,車を詳しく取り上げていた。,35,後ろ姿のトラックが渋かった。,2,,知らなかった,2,,絵には抵抗がある。,釣り,コロナで輸送業の大切なことが実感した。,,3
64,1,4,8,1,建材便、鉄骨便など,,1,0,0,1,0,0,0,0,0,0,1,0,0,0,0,0,0,0,0,0,0,0,0,0,0,0,0,0,1,0,0,0,0,0,0,0,0,0,1,0,0,0,1,0,0,0,0,0,0,0,0,0,曰野プロヒィア好き。 毎月、気になり見てる「読んでる 時間潰しになった為「アットhome       ,151,わだつみ號のファン→イベントの動画 しか見たことなくて、広島県良い感じ ＋仕事車なのが最高です！！,2,,ふそう→あんまり好きではない、五年前に、会社車ファイター平ボディ盗難されました。,1,見た目のインパクト。,,前からのデコプラモのリメイク。 川&湖でうき釣り。,毎号読んでます、共感もてることも多くて良い感じ～,愛染,9
65,1,2,12,4,,,1,0,0,0,1,0,0,0,0,0,0,0,0,0,0,0,0,1,0,0,0,0,0,0,0,0,0,0,0,0,0,0,0,0,0,0,1,0,0,1,1,0,0,0,0,0,0,0,0,0,0,0,@普段見る機会の少ない仕事車を大きな写真で複数見る事が出来たから。 A仕事内容が変わった車の様子を知る事が出来たから。 B好きなグループの車両が掲載されていたから。,23,今までにあまりなかったアングル・サイズで、誌面でも実際にその場で実車を見ているような視点なのが良かったから。,1,書店で見て濃い内容だったから。,,2,,地域性・ご当地色が強いから。,散歩,ゴールデンウィークは茨城連盟さん、龍北船団さんのイベントへ行く予定でしたが、やむを得ず中止になってしまい残念でした。新型コロナが落ちついて、またイベント予定が誌面に掲載される日を楽しみにしています。,かめちゃん,8
66,1,1,22,6,,,1,0,0,0,1,0,0,0,0,0,0,0,0,0,0,0,0,1,0,0,0,0,0,0,0,0,0,0,0,1,0,0,0,0,0,1,0,0,0,0,0,0,0,0,0,1,0,0,0,0,0,0,仕事車が好きだから,73,難しいナイトでの走行シーンがとてもきれい映っているから,2,,まだ買いに行けてないから,2,,躍るような文字に憧れがあるから,撮らせてもらった方のトラックの絵を描くこと,身近にトラックが好きな人が少ないのでこうして他の好きな人の話が聞けていいです,仕事車追っかけ便,8
67,1,4,45,4,,,0,0,1,0,1,0,0,0,0,0,1,0,0,0,0,0,0,0,0,0,0,0,0,0,0,0,0,0,0,0,0,0,0,0,0,0,0,0,1,0,0,0,0,0,0,0,0,0,0,0,0,0,カッコいいから,64,シンプルでめっちゃカッコ良かった,2,,売ってないから,1,カッコイイから,,筋トレ,ブルーテックキャンター特集を組んで欲しいです！,夢愛丸,8
68,1,1,11,6,,,1,0,0,0,0,0,0,0,0,0,0,0,0,0,0,1,0,0,0,1,0,0,0,0,0,0,0,0,0,0,0,0,0,0,0,0,0,0,0,1,1,0,0,0,0,0,1,0,0,0,0,0,とてもデコトラなど素敵だったから,152,キャブのドアのところの絵と荷台の文字が素敵だったから,2,,デコトラが好きだから,1,描く人描く会社によっても味が出るから,,デコトラを見ることとカミオンを買って読むこと！,いつも楽しませてもらってます 元気ももらってます！,幸魂丸,8
69,1,5,1,4,,,1,0,0,0,0,0,0,0,0,0,0,0,0,0,0,0,1,0,1,0,0,0,0,0,0,0,0,0,0,0,0,0,0,0,0,0,0,0,0,1,0,1,0,0,0,0,0,0,0,0,1,0,興味が有ったから,1,格好いい,2,,中身が以前発売された物と一緒,1,目の保養になる,,マリンスポーツ、風景写真撮影 自分で作るパーツでのドレスアップカー,マスクは今だに届かないコロナウイルスがさっさと終息せんかいなあ～,貧乏ふ暇無し,5
70,1,5,23,4,,,1,0,0,0,1,0,0,0,0,0,0,0,0,0,0,0,0,0,1,0,0,0,0,0,0,0,0,0,0,0,0,0,0,1,0,0,0,0,0,0,0,1,0,0,0,0,0,1,0,0,0,0,3つ共に個性的なトラックが載っていましたので,73,華湖丸さんのファン,2,,知らなかったです。,1,文字だと良い文句などが見つからない。,,自身のトラックのカスタム,某トラック雑誌より内容が濃く読み応えあり、毎月楽しみにしてます。,特になし,10
71,1,3,21,1,ダンプカー,,0,1,0,0,1,0,0,0,0,0,0,1,0,0,0,0,0,0,0,0,0,0,0,0,0,0,0,0,0,0,0,0,0,0,0,0,1,0,0,0,1,0,0,0,0,0,0,1,0,0,0,0,いつもの内容ではなく少し変わった内容での特集だった。見応えがありまた来月号からも楽しみに変わりました。,148,らっきょとかかたつむりとか面白いです,2,,まだお金がないです。,2,,文字ならすぐ意味がわかるから,鮎釣り,いつもありがとうございます！！,ゆーじ,10
72,1,4,15,4,,,0,0,1,0,0,0,0,0,0,0,0,0,0,0,0,0,1,0,1,0,0,0,0,0,0,0,0,0,0,0,0,0,0,0,0,0,0,0,0,0,0,0,0,0,0,1,0,1,0,0,1,0,かっこいいトラックが取り上げていた。,35,あまり見ない感じでかっこいい。,2,,知らなかった,2,,主張を出せる,バーベキュー,これからもトラックのカスタムが盛りあがってほしい。,しげ,3
73,1,3,3,4,,,1,0,0,0,0,0,0,0,0,0,1,0,0,0,0,0,0,0,1,0,0,0,0,0,0,0,0,0,0,0,0,0,0,0,0,0,0,0,0,0,1,0,0,0,0,0,0,0,0,0,0,0,各車の拘りがとても感じられた。 外出自粛でこのような企画は良いと思った。 古いベース車をノーマル然としながらきれいに仕上げる手法が面白かった。,174,今年はイベント中止が多くこんな風景はなかなか見られないため。,2,,旧版で満足,2,,自体でイメージが変わる,洗車,今年はコロナでイベント中止が多い。しかし人知れず車は進化させてます。,,8
74,1,5,20,4,,,0,0,0,0,0,0,0,0,0,1,0,0,0,0,0,0,0,1,0,0,0,1,0,0,0,0,0,0,0,0,0,0,0,0,0,0,0,1,0,1,1,0,0,0,0,0,0,0,0,0,0,0,プラモデルが趣味,149,桜とトラックは絵葉書になる！,2,,いすゞ信者なので！,1,文字はわき見の原因,,写真,自転車にも免許が必要と思います！,てつ,5
75,2,4,12,4,,,1,0,0,0,1,0,0,0,0,0,0,0,0,0,0,0,0,1,0,0,0,0,0,0,0,0,0,0,0,0,0,0,0,0,1,0,0,0,0,1,0,0,0,0,0,0,0,0,0,0,1,0,カミオンに載っているトラックをどこかで見掛けるのが楽しみなので、写真が載っているページが好きです。,156,唐草模様が印象に残りました。,2,,子供が欲しがるトラック雑誌が多すぎて…まだ買えません。,1,映えるので。,,トラック好きな息子と一緒に、ドライブして地方ナンバーに出会う事です。,トラック野郎のTシャツを購入、まだ年長児の息子には大きすぎますが、本人は大喜びで着ています。,kanae,5
76,1,4,4,1,集配ドライバー,,1,0,1,0,1,0,0,0,0,0,0,0,0,0,0,0,0,0,0,0,0,0,0,0,0,0,0,0,0,0,0,0,0,0,0,0,0,0,0,0,0,0,0,0,0,1,1,1,0,0,0,0,"男の城は毎月楽しみですし地元の英雄""""樹氷丸""""さんが掲載されていたから。",23,樹氷丸さんの背中です。 上部の錆具合が仕事車としてボディーを酷使しているのがひしひしと伝わってきます。,2,,これから購入予定です。,2,,仕事車が好きなのでアオリの後部に車名だけとか好きですね。,落語鑑賞,このご時世でマスクを着用しながらの集配作業を義務付けられてますが、これから真夏になるにつれて余りの暑さで熱中症などで倒れやしないか心配です…,んだっちゃだれ,5
77,1,1,10,6,,,0,0,0,0,0,0,0,0,0,0,0,0,0,0,0,0,0,0,0,0,0,0,0,1,1,1,0,0,0,0,0,0,0,0,0,0,0,0,0,1,1,1,0,0,0,0,0,0,0,0,0,0,いろんなのがあったから,147,自分の好きなダンプがあっから,2,,お金がなくて買えなかったからです,1,箱絵とか色々なのがあってかっこいいから,,デコチャリ,今年もよろしくお願いします。 応援してます。,,8
78,1,1,10,6,,,0,0,0,0,0,0,0,0,0,0,1,0,0,0,0,0,1,0,0,0,0,0,0,0,0,1,0,0,0,0,0,1,1,1,0,0,0,0,0,0,0,0,0,0,0,0,0,0,0,0,0,0,あまり勉強しないからたまには頭を使うことも大事だと思いました,148,格好いい,1,三菱ふそうスーパーグレートは僕の大好物だからです,,1,魅力が凄い,,プラモデル  PC（game）ユーロトラックシュミレーター2,宜しくお願いします,,11
79,2,5,10,5,,,0,0,0,0,0,0,0,0,0,0,1,0,0,0,0,0,0,0,0,0,0,1,0,0,0,1,0,0,0,0,0,0,0,1,1,0,0,1,0,0,0,0,0,0,0,0,0,0,0,0,0,0,脳トレ面白い,147,格好いいから,2,,購入出来なかった,2,,習字みたいな書き方が格好いい,カミオン読み,よろしくお願いします,,8
80,1,1,3,6,,,1,0,0,0,0,0,0,0,0,0,0,0,0,0,0,0,0,1,0,0,0,1,0,0,0,0,0,0,0,0,0,0,0,1,1,0,0,0,0,0,0,0,0,0,0,0,0,0,0,0,1,0,掲載されている車がどれもカッコよかったから。,14,海をバックにした水昇魂がとてもカッコいいから。,2,,出版されたことを知らなかった。,1,文字も好きだが、デコトラといえば絵のイメージだから。関口工芸、白銀社の絵が好きだから。,,プラモデル,毎月の楽しみがカミオンです！,,6